Workbook

Sheet Göç bilgisi
A1: 2024 yılına ait göç bilgisi
A2: İl Province | B2: Toplam nüfus Total population | C2: Aldığı göç In-migration | D2: Verdiği göç Out-migration | E2: Net göç Net migration | F2: Net göç hızı Rate of net migration (‰)
A3: Toplam-Total | B3: 85664944 | C3: 2682673 | D3: 2682673 | E3: =C3-D3 -> 0 | F3: =(E3/B3)*1000 -> 0
A4: Adana | B4: 2280484 | C4: 55342 | D4: 56108 | E4: =C4-D4 -> -766 | F4: =(E4/B4)*1000 -> -0.33589361
A5: Adıyaman | B5: 611037 | C5: 22295 | D5: 21158 | E5: =C5-D5 -> 1137 | F5: =(E5/B5)*1000 -> 1.8607711
A6: Afyonkarahisar | B6: 750193 | C6: 20801 | D6: 25035 | E6: =C6-D6 -> -4234 | F6: =(E6/B6)*1000 -> -5.643881
A7: Ağrı | B7: 499801 | C7: 14411 | D7: 30970 | E7: =C7-D7 -> -16559 | F7: =(E7/B7)*1000 -> -33.131186
A8: Amasya | B8: 342378 | C8: 13879 | D8: 14446 | E8: =C8-D8 -> -567 | F8: =(E8/B8)*1000 -> -1.6560643
A9: Ankara | B9: 5864049 | C9: 202402 | D9: 150373 | E9: =C9-D9 -> 52029 | F9: =(E9/B9)*1000 -> 8.8725384
A10: Antalya | B10: 2722103 | C10: 96618 | D10: 71999 | E10: =C10-D10 -> 24619 | F10: =(E10/B10)*1000 -> 9.0441104
A11: Artvin | B11: 169280 | C11: 7670 | D11: 10400 | E11: =C11-D11 -> -2730 | F11: =(E11/B11)*1000 -> -16.127127
A12: Aydın | B12: 1165943 | C12: 40849 | D12: 35832 | E12: =C12-D12 -> 5017 | F12: =(E12/B12)*1000 -> 4.3029548
A13: Balıkesir | B13: 1276096 | C13: 44834 | D13: 40371 | E13: =C13-D13 -> 4463 | F13: =(E13/B13)*1000 -> 3.4973858
A14: Bilecik | B14: 228495 | C14: 10023 | D14: 10038 | E14: =C14-D14 -> -15 | F14: =(E14/B14)*1000 -> -0.065646951
... A84: Düzce | B84: 412344 | C84: 15051 | D84: 13450 | E84: =C84-D84 -> 1601 | F84: =(E84/B84)*1000 -> 3.8826805

Sheet Özet
A1: Toplam Nüfus | B1: =SUM('Göç bilgisi'!B4:B84) -> 85664944
A2: Toplam Verilen Göç | B2: =SUM('Göç bilgisi'!D4:D84) -> 2682673
A3: Toplam Alınan Göç | B3: =SUM('Göç bilgisi'!C4:C84) -> 2682673
A4: Ortalama Alınan Göç | B4: =AVERAGE('Göç bilgisi'!C4:C84) -> 33119.42
A5: Ortalama Verilen Göç | B5: =AVERAGE('Göç bilgisi'!D4:D84) -> 33119.42
